{
  "metadata": {
    "week": 1,
    "day": 2,
    "title": "Week 1 Day 2: Introduction to Latin Nouns",
    "duration_minutes": 45,
    "virtue": "Patience",
    "faith_phrase": "Omnia vincit amor"
  },
  "prior_knowledge_digest": "Students should have a basic understanding of the Latin alphabet and pronunciation rules. Familiarity with the concept of nouns in English, including singular and plural forms, is essential. Students should also recall the importance of word endings in Latin for determining grammatical function. This foundational knowledge will support their understanding of Latin noun cases and declensions.",
  "yesterday_recap": "Yesterday, we introduced the Latin alphabet and practiced pronunciation. Students learned the significance of vowel and consonant sounds in forming words.",
  "spiral_links": {
    "recycled_vocab": [],
    "recycled_grammar": [],
    "prior_day_concepts": [
      "Latin alphabet",
      "Pronunciation"
    ],
    "prior_weeks": []
  },
  "misconception_watchlist": [
    "Confusing Latin pronunciation with English",
    "Misidentifying noun endings"
  ],
  "objectives": {
    "primary": [
      "Understand the concept of Latin nouns",
      "Identify singular and plural forms"
    ],
    "spiral_review": []
  },
  "materials": [
    "Latin textbook",
    "Whiteboard",
    "Markers",
    "Flashcards with noun examples"
  ],
  "lesson_flow": [
    {
      "type": "recall",
      "duration_minutes": 5,
      "description": "Review the Latin alphabet and pronunciation rules.",
      "student_action": "Students recite the alphabet and practice pronunciation.",
      "teacher_notes": "Ensure correct pronunciation and address any errors."
    },
    {
      "type": "introduction",
      "duration_minutes": 10,
      "description": "Introduce the concept of nouns in Latin, focusing on singular and plural forms.",
      "student_action": "Listen and take notes on the introduction of nouns.",
      "teacher_notes": "Use examples from English to relate to Latin nouns."
    },
    {
      "type": "guided_practice",
      "duration_minutes": 10,
      "description": "Practice identifying singular and plural nouns using flashcards.",
      "student_action": "Participate in identifying and categorizing nouns.",
      "teacher_notes": "Provide immediate feedback and correct misconceptions."
    },
    {
      "type": "independent_practice",
      "duration_minutes": 10,
      "description": "Students complete a worksheet on singular and plural nouns.",
      "student_action": "Work individually to complete the worksheet.",
      "teacher_notes": "Circulate to offer assistance and check for understanding."
    },
    {
      "type": "closure",
      "duration_minutes": 5,
      "description": "Summarize the lesson and preview the next topic.",
      "student_action": "Listen and ask questions about the day's lesson.",
      "teacher_notes": "Highlight the importance of noun recognition in Latin."
    }
  ],
  "behavior": {
    "tone": "Encouraging and supportive",
    "loop_behavior": "Revisit difficult concepts with patience",
    "hints_max": 3,
    "wait_seconds": 5,
    "encouragement_frequency": "Frequent"
  }
}
