{
  "metadata": {
    "week": 1,
    "day": 3,
    "title": "Week 1 Day 3: Latin Alphabet and Basic Vocabulary",
    "duration_minutes": 45,
    "virtue": "Discipline",
    "faith_phrase": "In principio - In the beginning"
  },
  "prior_knowledge_digest": "Students should have a basic understanding of the Latin alphabet and its pronunciation. Familiarity with the concept of discipline in learning and an introduction to the faith phrase 'In principio' are essential. Previous lessons have introduced the importance of consistent practice and the connection between Latin and English vocabulary.",
  "yesterday_recap": "Yesterday, we focused on the pronunciation of the Latin alphabet and began exploring basic vocabulary words. We also discussed the virtue of discipline and how it applies to our language studies.",
  "spiral_links": {
    "recycled_vocab": [
      "amicus",
      "familia",
      "terra"
    ],
    "recycled_grammar": [
      "noun usage",
      "basic sentence structure"
    ],
    "prior_day_concepts": [
      "Latin alphabet pronunciation",
      "discipline in learning"
    ],
    "prior_weeks": []
  },
  "misconception_watchlist": [
    "Confusing Latin pronunciation with English",
    "Misidentifying parts of speech"
  ],
  "objectives": {
    "primary": [
      "Students will recognize and pronounce the Latin alphabet.",
      "Students will learn and use basic Latin vocabulary in simple sentences.",
      "Students will connect the virtue of discipline with their study habits."
    ],
    "spiral_review": []
  },
  "materials": [
    "Latin alphabet chart",
    "Vocabulary flashcards",
    "Audio recordings of pronunciation",
    "Whiteboard and markers"
  ],
  "lesson_flow": [
    {
      "type": "recall",
      "duration_minutes": 5,
      "description": "Review the Latin alphabet and pronunciation from previous lessons.",
      "student_action": "Students recite the alphabet and correct any pronunciation errors.",
      "teacher_notes": "Focus on letters that students struggled with previously."
    },
    {
      "type": "recall",
      "duration_minutes": 5,
      "description": "Quick review of vocabulary words introduced in the last lesson.",
      "student_action": "Students recall and pronounce vocabulary words with their meanings.",
      "teacher_notes": "Use flashcards to prompt students."
    },
    {
      "type": "introduction",
      "duration_minutes": 10,
      "description": "Introduce new vocabulary words and their pronunciation.",
      "student_action": "Students listen and repeat new vocabulary words.",
      "teacher_notes": "Emphasize correct pronunciation and provide example phrases."
    },
    {
      "type": "guided_practice",
      "duration_minutes": 10,
      "description": "Practice using new vocabulary in simple sentences.",
      "student_action": "Students form sentences using new vocabulary words.",
      "teacher_notes": "Provide sentence starters and assist with sentence structure."
    },
    {
      "type": "faith_reflection",
      "duration_minutes": 5,
      "description": "Discuss the faith phrase 'In principio' and its significance.",
      "student_action": "Students reflect on the phrase and its meaning.",
      "teacher_notes": "Connect the phrase to the virtue of discipline."
    },
    {
      "type": "closure",
      "duration_minutes": 5,
      "description": "Summarize the day's learning and reinforce the virtue of discipline.",
      "student_action": "Students share one thing they learned and how they will apply discipline.",
      "teacher_notes": "Encourage students to set a goal for their next study session."
    }
  ],
  "behavior": {
    "tone": "Encouraging and supportive",
    "loop_behavior": "Reinforce correct pronunciation and usage with positive feedback.",
    "hints_max": 3,
    "wait_seconds": 5,
    "encouragement_frequency": "Frequent"
  }
}
