{
  "metadata": {
    "week": 1,
    "day": 3,
    "title": "Week 1 Day 3: Introduction to Latin Nouns",
    "duration_minutes": 45,
    "virtue": "Patience",
    "faith_phrase": "Pax vobiscum"
  },
  "prior_knowledge_digest": "Students should be familiar with the basic structure of Latin sentences, including the subject-verb-object order. They have been introduced to the concept of Latin being an inflected language, where the endings of words change to indicate their role in the sentence. Familiarity with the first conjugation of verbs and basic vocabulary related to greetings and simple actions is also expected.",
  "yesterday_recap": "Yesterday, we explored the concept of Latin verbs and their conjugations, focusing on the first conjugation. Students practiced forming simple sentences using these verbs.",
  "spiral_links": {
    "recycled_vocab": [
      "salve",
      "vale",
      "amare"
    ],
    "recycled_grammar": [
      "subject-verb agreement",
      "basic sentence structure"
    ],
    "prior_day_concepts": [
      "first conjugation verbs"
    ],
    "prior_weeks": []
  },
  "misconception_watchlist": [
    "Confusing noun endings with verb endings",
    "Misidentifying the subject in a sentence"
  ],
  "objectives": {
    "primary": [
      "Introduce the concept of Latin nouns",
      "Understand the role of noun endings in indicating case"
    ],
    "spiral_review": []
  },
  "materials": [
    "Whiteboard",
    "Markers",
    "Handouts with noun endings",
    "Projector"
  ],
  "lesson_flow": [
    {
      "type": "recall",
      "duration_minutes": 5,
      "description": "Review the basic sentence structure and first conjugation verbs.",
      "student_action": "Students recall and share examples of sentences using first conjugation verbs.",
      "teacher_notes": "Encourage students to think of sentences they used in previous lessons."
    },
    {
      "type": "introduction",
      "duration_minutes": 10,
      "description": "Introduce Latin nouns and the concept of declensions.",
      "student_action": "Listen and take notes on the introduction of nouns and declensions.",
      "teacher_notes": "Use examples to illustrate how noun endings change."
    },
    {
      "type": "guided_practice",
      "duration_minutes": 10,
      "description": "Practice identifying nouns and their roles in sentences.",
      "student_action": "Work in pairs to identify nouns in example sentences and discuss their roles.",
      "teacher_notes": "Provide immediate feedback and clarify any misconceptions."
    },
    {
      "type": "independent_practice",
      "duration_minutes": 10,
      "description": "Students complete a worksheet on identifying and using Latin nouns.",
      "student_action": "Independently complete the worksheet, focusing on noun endings.",
      "teacher_notes": "Circulate to offer help and check for understanding."
    },
    {
      "type": "closure",
      "duration_minutes": 5,
      "description": "Summarize the day's learning and preview the next lesson.",
      "student_action": "Share one new thing learned about Latin nouns.",
      "teacher_notes": "Encourage students to reflect on how noun endings affect meaning."
    }
  ],
  "behavior": {
    "tone": "Encouraging and supportive",
    "loop_behavior": "Review and reinforce key concepts",
    "hints_max": 3,
    "wait_seconds": 5,
    "encouragement_frequency": "Frequent"
  }
}
