{
  "metadata": {
    "week": 1,
    "day": 3,
    "title": "Week 1 Day 3: Introduction to Basic Latin Vocabulary",
    "duration_minutes": 45,
    "virtue": "Patience",
    "faith_phrase": "Pax vobiscum"
  },
  "prior_knowledge_digest": "Students should have a basic understanding of Latin pronunciation rules and the concept of noun cases. They should be familiar with the nominative and accusative cases and have been introduced to the idea of subject-verb-object order in simple Latin sentences. A basic vocabulary of common nouns and verbs has been established, focusing on words related to family and school.",
  "yesterday_recap": "Yesterday, we focused on the nominative and accusative cases, practicing with simple sentences and learning vocabulary related to family members.",
  "spiral_links": {
    "recycled_vocab": [
      "familia",
      "puer",
      "puella",
      "magister"
    ],
    "recycled_grammar": [
      "nominative case",
      "accusative case"
    ],
    "prior_day_concepts": [
      "subject-verb-object order"
    ],
    "prior_weeks": []
  },
  "misconception_watchlist": [
    "Confusing nominative and accusative cases",
    "Incorrect pronunciation of vowels"
  ],
  "objectives": {
    "primary": [
      "Introduce new vocabulary related to school",
      "Practice using nominative and accusative cases in sentences"
    ],
    "spiral_review": []
  },
  "materials": [
    "Flashcards with vocabulary",
    "Whiteboard and markers",
    "Handouts with practice sentences"
  ],
  "lesson_flow": [
    {
      "type": "recall",
      "duration_minutes": 5,
      "description": "Review vocabulary from previous lessons using flashcards.",
      "student_action": "Students will recall and pronounce vocabulary words aloud.",
      "teacher_notes": "Focus on correct pronunciation and quick recall."
    },
    {
      "type": "introduction",
      "duration_minutes": 10,
      "description": "Introduce new vocabulary related to school using flashcards and visuals.",
      "student_action": "Students will listen and repeat new vocabulary words.",
      "teacher_notes": "Use visuals to aid memory and understanding."
    },
    {
      "type": "guided_practice",
      "duration_minutes": 10,
      "description": "Practice forming sentences using the new vocabulary and previously learned grammar.",
      "student_action": "Students will form sentences in pairs, using the new vocabulary.",
      "teacher_notes": "Circulate to provide support and correct errors."
    },
    {
      "type": "independent_practice",
      "duration_minutes": 10,
      "description": "Students complete a worksheet with sentences to translate using new vocabulary.",
      "student_action": "Students work individually to translate sentences.",
      "teacher_notes": "Encourage students to use their notes and flashcards."
    },
    {
      "type": "review",
      "duration_minutes": 5,
      "description": "Review key points of the lesson and address any questions.",
      "student_action": "Students ask questions and participate in a brief discussion.",
      "teacher_notes": "Clarify any misconceptions and reinforce correct usage."
    },
    {
      "type": "closure",
      "duration_minutes": 5,
      "description": "Summarize the lesson and preview the next class.",
      "student_action": "Students listen and note down key points for the next lesson.",
      "teacher_notes": "Highlight the connection between today's lesson and future topics."
    }
  ],
  "behavior": {
    "tone": "Encouraging and supportive",
    "loop_behavior": "Repeat instructions and provide examples as needed",
    "hints_max": 3,
    "wait_seconds": 5,
    "encouragement_frequency": "Frequent"
  }
}
