{
  "metadata": {
    "week": 1,
    "day": 3,
    "title": "Week 1 Day 3: Latin Alphabet and Classroom Vocabulary",
    "duration_minutes": 45,
    "virtue": "Discipline",
    "faith_phrase": "In principio - In the beginning"
  },
  "prior_knowledge_digest": "Students should have a basic understanding of the Latin alphabet and its pronunciation. They should be familiar with the concept of nouns and basic classroom vocabulary in Latin. Previous lessons have introduced the alphabet chant and the importance of discipline in learning a new language. Students have also been introduced to the faith phrase 'In principio' and its significance in the context of beginnings.",
  "yesterday_recap": "Yesterday, students practiced the Latin alphabet and began learning vocabulary related to classroom objects. They also discussed the virtue of discipline and its role in language learning.",
  "spiral_links": {
    "recycled_vocab": [
      "liber",
      "mensa",
      "magister"
    ],
    "recycled_grammar": [
      "noun identification",
      "basic pronunciation"
    ],
    "prior_day_concepts": [
      "alphabet pronunciation",
      "discipline"
    ],
    "prior_weeks": []
  },
  "misconception_watchlist": [
    "Confusing similar sounding letters",
    "Mispronunciation of 'c' and 'g'"
  ],
  "objectives": {
    "primary": [
      "Students will recite the Latin alphabet with correct pronunciation.",
      "Students will identify and pronounce basic Latin vocabulary related to classroom objects.",
      "Students will understand the virtue of discipline in the context of language learning.",
      "Students will translate the faith phrase 'In principio' and discuss its significance.",
      "Students will demonstrate the ability to connect Latin sounds to written letters."
    ],
    "spiral_review": []
  },
  "materials": [
    "Alphabet chart",
    "Vocabulary flashcards",
    "Whiteboard",
    "Markers"
  ],
  "lesson_flow": [
    {
      "type": "recall",
      "duration_minutes": 5,
      "description": "Review the Latin alphabet chant from the previous lesson.",
      "student_action": "Students recite the alphabet chant together.",
      "teacher_notes": "Focus on correct pronunciation and rhythm."
    },
    {
      "type": "review",
      "duration_minutes": 5,
      "description": "Quick review of classroom vocabulary introduced yesterday.",
      "student_action": "Students match vocabulary words with images.",
      "teacher_notes": "Ensure students remember the pronunciation and meaning."
    },
    {
      "type": "introduction",
      "duration_minutes": 10,
      "description": "Introduce new vocabulary related to classroom objects.",
      "student_action": "Students listen and repeat new vocabulary words.",
      "teacher_notes": "Use flashcards to visually reinforce learning."
    },
    {
      "type": "guided_practice",
      "duration_minutes": 10,
      "description": "Practice pronunciation and usage of new vocabulary in sentences.",
      "student_action": "Students form sentences using new vocabulary.",
      "teacher_notes": "Provide feedback on pronunciation and sentence structure."
    },
    {
      "type": "faith_reflection",
      "duration_minutes": 5,
      "description": "Discuss the faith phrase 'In principio' and its significance.",
      "student_action": "Students reflect on the phrase and share thoughts.",
      "teacher_notes": "Connect the phrase to the theme of beginnings and discipline."
    },
    {
      "type": "closure",
      "duration_minutes": 5,
      "description": "Summarize the lesson and preview the next day's focus.",
      "student_action": "Students share one thing they learned today.",
      "teacher_notes": "Encourage students to practice vocabulary at home."
    }
  ],
  "behavior": {
    "tone": "Encouraging and supportive",
    "loop_behavior": "Repeat instructions if students seem confused.",
    "hints_max": 3,
    "wait_seconds": 5,
    "encouragement_frequency": "Frequent"
  }
}
