{
  "metadata": {
    "week": 2,
    "day": 4,
    "title": "Week 2 Day 4: Introduction to Latin Verbs",
    "duration_minutes": 45,
    "virtue": "Perseverance",
    "faith_phrase": "Laborare est orare (To work is to pray)"
  },
  "prior_knowledge_digest": "Students should be familiar with basic Latin nouns and their declensions, as well as the concept of subject-verb agreement in English. They have been introduced to the first declension and some common vocabulary. Understanding of noun cases and their functions in sentences is essential. Students should also recall the importance of Latin roots in English derivatives.",
  "yesterday_recap": "Yesterday, we explored the first declension nouns in more depth and practiced forming simple sentences using these nouns.",
  "spiral_links": {
    "recycled_vocab": [
      "puella",
      "agricola",
      "aqua"
    ],
    "recycled_grammar": [
      "first declension",
      "nominative case"
    ],
    "prior_day_concepts": [
      "noun declensions",
      "subject-verb agreement"
    ],
    "prior_weeks": [
      1
    ]
  },
  "misconception_watchlist": [
    "Confusing nominative and accusative cases",
    "Misidentifying verb endings"
  ],
  "objectives": {
    "primary": [
      "Introduce basic Latin verb conjugations",
      "Practice subject-verb agreement in Latin"
    ],
    "spiral_review": [
      "Review first declension nouns",
      "Reinforce nominative case usage"
    ]
  },
  "materials": [
    "Whiteboard",
    "Markers",
    "Handouts with verb conjugation charts",
    "Flashcards"
  ],
  "lesson_flow": [
    {
      "type": "recall",
      "duration_minutes": 10,
      "description": "Review first declension nouns and their endings.",
      "student_action": "Students will recite noun endings and provide examples.",
      "teacher_notes": "Ensure students can differentiate between nominative and accusative cases."
    },
    {
      "type": "review",
      "duration_minutes": 5,
      "description": "Quick quiz on vocabulary from previous lessons.",
      "student_action": "Students will write down translations for given Latin words.",
      "teacher_notes": "Focus on vocabulary retention."
    },
    {
      "type": "introduction",
      "duration_minutes": 10,
      "description": "Introduce the concept of Latin verbs and basic conjugation.",
      "student_action": "Listen and take notes on verb conjugation patterns.",
      "teacher_notes": "Highlight similarities and differences with English verbs."
    },
    {
      "type": "guided_practice",
      "duration_minutes": 10,
      "description": "Practice conjugating simple verbs in the present tense.",
      "student_action": "Conjugate verbs with guidance and feedback.",
      "teacher_notes": "Use flashcards to reinforce learning."
    },
    {
      "type": "assessment",
      "duration_minutes": 5,
      "description": "Short written exercise on verb conjugations.",
      "student_action": "Complete a worksheet with verb conjugation tasks.",
      "teacher_notes": "Assess understanding and provide immediate feedback."
    },
    {
      "type": "closure",
      "duration_minutes": 5,
      "description": "Summarize key points and answer any remaining questions.",
      "student_action": "Participate in a Q&A session.",
      "teacher_notes": "Encourage students to reflect on their learning."
    }
  ],
  "behavior": {
    "tone": "Encouraging and supportive",
    "loop_behavior": "Repeat instructions with variations if needed",
    "hints_max": 3,
    "wait_seconds": 5,
    "encouragement_frequency": "Frequent"
  }
}
