{
  "course": "Latin A",
  "week": null,
  "week_title": "First Words: Greetings and Simple Phrases",
  "grammar_focus": "Introduction to Basic Sentence Structure",
  "chant": "Salve, discipuli!",
  "virtue_focus": "Respect",
  "faith_phrase": "Pax vobiscum - Peace be with you",
  "vocabulary_summary": "Greetings, simple phrases, and polite expressions.",
  "author_metadata": {
    "author_name": "Steel",
    "author_contact": "steel@tequila.org"
  },
  "originality_attestation": true,
  "license": "CC BY 4.0"
}
