{
  "quiz_structure": {
    "sections": [
      {
        "type": "translation",
        "description": "Translate simple phrases from Latin to English.",
        "sample_items": []
      },
      {
        "type": "parsing",
        "description": "Identify parts of speech in given sentences.",
        "sample_items": []
      },
      {
        "type": "chant recall",
        "description": "Recite the week's chant.",
        "sample_items": []
      }
    ],
    "scoring_notes": "Each section is worth 10 points. Partial credit is available for partially correct answers."
  },
  "review_before_quiz": null,
  "format": null,
  "timing": null,
  "prior_content_percentage": null,
  "items": null
}
