{
  "01_metadata.json": {
    "course": "Latin A",
    "week": null,
    "week_title": "First Words: Greetings and Simple Phrases",
    "grammar_focus": "Introduction to Basic Sentence Structure",
    "chant": "Salve, discipuli!",
    "virtue_focus": "Respect",
    "faith_phrase": "Pax vobiscum - Peace be with you",
    "vocabulary_summary": "Greetings, simple phrases, and polite expressions.",
    "author_metadata": {
      "author_name": "Steel",
      "author_contact": "steel@tequila.org"
    },
    "originality_attestation": true,
    "license": "CC BY 4.0"
  },
  "02_objectives.json": [
    "Students will be able to greet others in Latin using basic phrases.",
    "Students will understand and use the faith phrase 'Pax vobiscum' in context.",
    "Students will demonstrate respect through polite expressions in Latin.",
    "Students will identify and use simple Latin sentence structures.",
    "Students will connect the virtue of respect to their interactions in class."
  ],
  "03_vocabulary.json": [
    {
      "latin": "salve",
      "english": "hello",
      "part_of_speech": "interjection",
      "pronunciation": "SAL-veh",
      "example_phrase": "Salve, amice!",
      "notes": null,
      "is_recycled": false,
      "from_week": null
    },
    {
      "latin": "vale",
      "english": "goodbye",
      "part_of_speech": "interjection",
      "pronunciation": "WAH-leh",
      "example_phrase": "Vale, discipule!",
      "notes": null,
      "is_recycled": false,
      "from_week": null
    },
    {
      "latin": "amice",
      "english": "friend",
      "part_of_speech": "noun",
      "pronunciation": "AH-mee-keh",
      "example_phrase": "Salve, amice!",
      "notes": null,
      "is_recycled": false,
      "from_week": null
    },
    {
      "latin": "discipulus",
      "english": "student",
      "part_of_speech": "noun",
      "pronunciation": "dis-KIP-u-lus",
      "example_phrase": "Salve, discipule!",
      "notes": null,
      "is_recycled": false,
      "from_week": null
    },
    {
      "latin": "magister",
      "english": "teacher",
      "part_of_speech": "noun",
      "pronunciation": "mah-GIS-ter",
      "example_phrase": "Salve, magister!",
      "notes": null,
      "is_recycled": false,
      "from_week": null
    },
    {
      "latin": "pax",
      "english": "peace",
      "part_of_speech": "noun",
      "pronunciation": "pahks",
      "example_phrase": "Pax vobiscum.",
      "notes": null,
      "is_recycled": false,
      "from_week": null
    },
    {
      "latin": "vobiscum",
      "english": "with you",
      "part_of_speech": "preposition",
      "pronunciation": "wo-BIS-koom",
      "example_phrase": "Pax vobiscum.",
      "notes": null,
      "is_recycled": false,
      "from_week": null
    },
    {
      "latin": "gratias",
      "english": "thanks",
      "part_of_speech": "noun",
      "pronunciation": "GRAH-tee-ahs",
      "example_phrase": "Gratias tibi ago.",
      "notes": null,
      "is_recycled": false,
      "from_week": null
    }
  ],
  "04_grammar_focus.md": "### Introduction to Basic Sentence Structure\n\nThis week, we explore the foundational elements of Latin sentences, focusing on simple greetings and phrases. Latin sentences often follow a Subject-Object-Verb (SOV) order, though this can vary. Understanding this structure helps us form basic sentences, like 'Salve, discipule!' (Hello, student!).\n\nOur chant for the week, 'Salve, discipuli!', introduces the plural form of 'discipulus' (student), showing how Latin words change to reflect number. \n\n```\nSalve, discipuli!\nSalve, magister!\n```\n\nBuilding on last week's vocabulary, we incorporate these words into simple exchanges, reinforcing both language and respectful communication.",
  "05_chant.json": {
    "text": "Call: Salve, discipuli!\nResponse: Salve, magister!\nCall: Pax vobiscum!\nResponse: Et cum spiritu tuo!",
    "latin_text": null,
    "english_translation": null,
    "source": null,
    "notes": null
  },
  "06_sessions_week_view.json": [],
  "07_assessment.json": {
    "quiz_structure": {
      "sections": [
        {
          "type": "translation",
          "description": "Translate simple phrases from Latin to English.",
          "sample_items": []
        },
        {
          "type": "parsing",
          "description": "Identify parts of speech in given sentences.",
          "sample_items": []
        },
        {
          "type": "chant recall",
          "description": "Recite the week's chant.",
          "sample_items": []
        }
      ],
      "scoring_notes": "Each section is worth 10 points. Partial credit is available for partially correct answers."
    },
    "review_before_quiz": null,
    "format": null,
    "timing": null,
    "prior_content_percentage": null,
    "items": null
  },
  "08_assets_index.json": [],
  "09_spiral_links.json": {
    "prior_knowledge": [
      {
        "source_week": 1,
        "concept": "salve",
        "reuse_reason": "Reinforcement of greeting vocabulary."
      },
      {
        "source_week": 1,
        "concept": "vale",
        "reuse_reason": "Reinforcement of farewell vocabulary."
      }
    ],
    "prior_weeks_dependencies": [],
    "recycled_vocab": [],
    "recycled_grammar": [],
    "notes": null
  },
  "10_interleaving_plan.md": "### Teacher Notes\n\n**Pronunciation Tips:**\n- 'Salve' is pronounced with a soft 'v', like 'veh'.\n- Emphasize the first syllable in 'discipulus'.\n\n**Pacing Advice:**\n- Spend the first two days on vocabulary introduction and practice.\n- Use the chant daily to reinforce pronunciation and rhythm.\n\n**Connections:**\n- Last week, we introduced basic greetings. This week, expand on this by incorporating simple sentences.\n- Next week, we will delve into more complex sentence structures, building on this foundation.",
  "11_misconception_watchlist.json": [],
  "12_preview_next_week.md": ""
}
