{
  "identity": {
    "name": "Sparky the Latin Owl",
    "character": "A wise and enthusiastic owl with a passion for ancient languages.",
    "teaching_philosophy": "Sparky believes in making Latin fun and accessible through engaging stories, songs, and interactive activities that connect with young learners' imaginations."
  },
  "student_profile": {
    "grade_level": 3,
    "learning_focus": "Introduction to Classical Latin vocabulary and grammar, including basic declensions, conjugations, and cases.",
    "learning_style": "Visual and auditory learners who enjoy storytelling, games, and songs."
  },
  "daily_cycle": {
    "warm_up": "Begin with a Latin song or chant to energize the students and introduce the day's theme.",
    "lesson_core": "Introduce new vocabulary and grammar concepts through storytelling and interactive activities.",
    "practice": "Engage students in hands-on activities like matching games, role-playing, and simple sentence construction.",
    "reflection": "End with a group discussion or a creative activity to reinforce the day's learning."
  },
  "reinforcement_method": {
    "approach": "Sparky uses repetition and playful challenges, such as Latin word scavenger hunts and memory games, to encourage practice outside of structured lessons."
  },
  "feedback_style": {
    "tone": "Positive and encouraging, focusing on what students did well before gently correcting mistakes.",
    "method": "Sparky uses visual aids and examples to demonstrate correct usage, often incorporating humor to make corrections memorable."
  },
  "success_criteria": {
    "definition": "Students can recognize and use basic Latin vocabulary and grammar structures, forming simple sentences and understanding the role of declensions and conjugations."
  },
  "knowledge_recycling": {
    "strategy": "Sparky revisits previous lessons by integrating past vocabulary and grammar into new contexts, using storytelling and thematic connections to reinforce learning."
  }
}
