{
  "week_spec_kit": {
    "week_info": {
      "week_number": 2,
      "title": "First Words: Greetings and Simple Phrases",
      "grammar_focus": "",
      "chant": "",
      "virtue_focus": "Respect",
      "faith_phrase": "Pax vobiscum - Peace be with you",
      "vocabulary_scope": []
    },
    "generated_files": [
      {
        "file_name": "01_metadata.json",
        "content": {
          "week_title": "First Words: Greetings and Simple Phrases",
          "grammar_focus": "Introduction to basic greetings and simple phrases",
          "chant": "Salve, discipuli!",
          "virtue_focus": "Respect",
          "faith_phrase": "Pax vobiscum - Peace be with you",
          "vocabulary_summary": "Basic greetings and simple conversational phrases in Latin.",
          "author_metadata": {
            "author_name": "Steel"
          },
          "originality_attestation": true,
          "license": "CC BY 4.0"
        }
      },
      {
        "file_name": "02_objectives.json",
        "content": {
          "objectives": [
            "Students will learn basic Latin greetings and simple phrases.",
            "Students will understand the virtue of respect through language.",
            "Students will be able to use the faith phrase 'Pax vobiscum' in context.",
            "Students will practice pronunciation using ecclesiastical Latin.",
            "Students will recognize and use simple Latin vocabulary in greetings."
          ]
        }
      },
      {
        "file_name": "03_vocabulary.json",
        "content": {
          "vocabulary": [
            {
              "latin": "salve",
              "english": "hello",
              "part_of_speech": "interjection",
              "pronunciation": "SAHL-veh",
              "example_phrase": "Salve, amice!"
            },
            {
              "latin": "vale",
              "english": "goodbye",
              "part_of_speech": "interjection",
              "pronunciation": "VAH-leh",
              "example_phrase": "Vale, discipule!"
            },
            {
              "latin": "pax",
              "english": "peace",
              "part_of_speech": "noun",
              "pronunciation": "pahks",
              "example_phrase": "Pax vobiscum."
            },
            {
              "latin": "amica",
              "english": "friend (female)",
              "part_of_speech": "noun",
              "pronunciation": "ah-MEE-kah",
              "example_phrase": "Salve, amica!"
            },
            {
              "latin": "amicus",
              "english": "friend (male)",
              "part_of_speech": "noun",
              "pronunciation": "ah-MEE-koos",
              "example_phrase": "Salve, amice!"
            },
            {
              "latin": "discipulus",
              "english": "student (male)",
              "part_of_speech": "noun",
              "pronunciation": "dee-SKEE-poo-loos",
              "example_phrase": "Salve, discipule!"
            },
            {
              "latin": "discipula",
              "english": "student (female)",
              "part_of_speech": "noun",
              "pronunciation": "dee-SKEE-poo-lah",
              "example_phrase": "Salve, discipula!"
            },
            {
              "latin": "gratias",
              "english": "thanks",
              "part_of_speech": "noun",
              "pronunciation": "GRAH-tee-ahs",
              "example_phrase": "Gratias tibi ago."
            }
          ]
        }
      },
      {
        "file_name": "04_grammar_focus.md",
        "content": "### Grammar Focus: Greetings and Simple Phrases\n\nThis week, students will be introduced to basic Latin greetings and simple conversational phrases. These foundational words and phrases will help students begin to form simple sentences and engage in basic dialogue. The focus will be on understanding the context and appropriate usage of each phrase.\n\n#### Chant\n```\nSalve, discipuli!\nVale, amici!\nPax vobiscum.\n```\n\nStudents will also practice the ecclesiastical pronunciation of these phrases, emphasizing the importance of clear and respectful communication."
      },
      {
        "file_name": "05_virtue_focus.md",
        "content": "### Virtue Focus: Respect\n\nRespect is a fundamental virtue that underpins all human interactions. In learning a new language, we show respect for the culture and history it represents. As students greet each other with 'salve' and 'vale', they practice acknowledging each other's presence and parting with kindness. This week, let us remember the words of Romans 12:10, \"Love one another with brotherly affection. Outdo one another in showing honor.\""
      },
      {
        "file_name": "06_faith_phrase.md",
        "content": "### Faith Phrase: Pax vobiscum\n\n'Pax vobiscum' means 'Peace be with you'. This phrase is often used in liturgical settings to wish peace upon others. It reflects a deep sense of goodwill and respect, aligning with our virtue focus for the week. Students will learn to use this phrase in appropriate contexts, fostering a sense of community and harmony."
      },
      {
        "file_name": "07_prior_knowledge_digest.json",
        "content": {
          "prior_knowledge": [
            {
              "source_week": 1,
              "concept": "salve",
              "reuse_reason": "Basic greeting introduced in Week 1."
            },
            {
              "source_week": 1,
              "concept": "vale",
              "reuse_reason": "Basic farewell introduced in Week 1."
            }
          ]
        }
      },
      {
        "file_name": "08_chant_chart.txt",
        "content": "Call: Salve, discipuli!\nResponse: Salve, magister!\n\nCall: Vale, amici!\nResponse: Vale, magistra!\n\nCall: Pax vobiscum.\nResponse: Et cum spiritu tuo."
      },
      {
        "file_name": "09_assessment_overview.json",
        "content": {
          "quiz_structure": {
            "sections": [
              {
                "type": "vocabulary",
                "description": "Identify the Latin word for each English greeting.",
                "sample_items": [
                  {
                    "question": "What is the Latin for 'hello'?",
                    "answer": "salve"
                  },
                  {
                    "question": "What is the Latin for 'goodbye'?",
                    "answer": "vale"
                  }
                ]
              },
              {
                "type": "translation",
                "description": "Translate simple Latin phrases to English.",
                "sample_items": [
                  {
                    "question": "Translate 'Pax vobiscum.'",
                    "answer": "Peace be with you."
                  },
                  {
                    "question": "Translate 'Gratias tibi ago.'",
                    "answer": "Thank you."
                  }
                ]
              }
            ]
          },
          "scoring_notes": "Each correct answer is worth 1 point. Total possible score: 10 points.",
          "review_before_quiz": "Review vocabulary and practice pronunciation of greetings and phrases."
        }
      },
      {
        "file_name": "10_teacher_notes.md",
        "content": "### Teacher Notes\n\nThis week focuses on basic greetings and simple phrases in Latin. Encourage students to practice these phrases with each other to build confidence in speaking. Use the chant to reinforce pronunciation and rhythm. Remind students of the virtue of respect, especially when using greetings. Connect this week's content to prior knowledge by revisiting 'salve' and 'vale' from Week 1. Prepare students for the quiz by reviewing vocabulary and translation exercises."
      },
      {
        "file_name": "11_weekly_review_questions.md",
        "content": "### Weekly Review Questions\n\n1. What is the Latin word for 'hello'?\n2. How do you say 'goodbye' in Latin?\n3. What does 'Pax vobiscum' mean?\n4. Translate 'Gratias tibi ago.'\n5. Who is 'amicus'?\n6. How do you greet a female friend in Latin?\n7. What is the virtue focus for this week?\n\n---\n\n**Answer Key**\n\n1. Salve\n2. Vale\n3. Peace be with you\n4. Thank you\n5. Friend (male)\n6. Salve, amica!\n7. Respect"
      },
      {
        "file_name": "99_compiled_week_spec.json",
        "content": {
          "generation_metadata": {
            "generated_by": "Steel",
            "generation_date": "2023-10-10"
          },
          "cost_tokens": null,
          "license": "CC BY 4.0",
          "week_info": {
            "week_number": 2,
            "title": "First Words: Greetings and Simple Phrases",
            "grammar_focus": "",
            "chant": "",
            "virtue_focus": "Respect",
            "faith_phrase": "Pax vobiscum - Peace be with you",
            "vocabulary_scope": []
          },
          "files": [
            "01_metadata.json",
            "02_objectives.json",
            "03_vocabulary.json",
            "04_grammar_focus.md",
            "05_virtue_focus.md",
            "06_faith_phrase.md",
            "07_prior_knowledge_digest.json",
            "08_chant_chart.txt",
            "09_assessment_overview.json",
            "10_teacher_notes.md",
            "11_weekly_review_questions.md"
          ]
        }
      }
    ]
  }
}
