{
  "metadata": {
    "week": 1,
    "day": 4,
    "title": "Week 1 Day 4: Latin Alphabet and Basic Vocabulary",
    "duration_minutes": 45,
    "virtue": "Discipline",
    "faith_phrase": "In principio - In the beginning"
  },
  "prior_knowledge_digest": "Students should be familiar with the basic sounds of the Latin alphabet and have a preliminary understanding of how these sounds correspond to written letters. They should have been introduced to basic Latin vocabulary related to classroom objects and greetings, such as 'liber' for book and 'salve' for hello. The concept of discipline as a virtue in learning languages should also be familiar, as well as the significance of the faith phrase 'In principio'.",
  "yesterday_recap": "Yesterday, students practiced the Latin alphabet and began associating sounds with written letters. They also learned basic vocabulary related to classroom objects.",
  "spiral_links": {
    "recycled_vocab": [
      "liber",
      "mensa",
      "magister",
      "salve"
    ],
    "recycled_grammar": [
      "noun identification",
      "basic pronunciation"
    ],
    "prior_day_concepts": [
      "Latin alphabet sounds",
      "basic vocabulary"
    ],
    "prior_weeks": []
  },
  "misconception_watchlist": [
    "Confusing Latin pronunciation with English",
    "Misidentifying parts of speech"
  ],
  "objectives": {
    "primary": [
      "Students will recite the Latin alphabet with correct pronunciation.",
      "Students will identify and pronounce basic Latin vocabulary related to classroom objects.",
      "Students will translate the faith phrase 'In principio' and discuss its significance."
    ],
    "spiral_review": [
      "Review the pronunciation of the Latin alphabet.",
      "Reinforce vocabulary related to classroom objects."
    ]
  },
  "materials": [
    "Alphabet chart",
    "Vocabulary flashcards",
    "Whiteboard",
    "Markers"
  ],
  "lesson_flow": [
    {
      "type": "recall",
      "duration_minutes": 10,
      "description": "Review the Latin alphabet and pronunciation from previous lessons.",
      "student_action": "Students recite the alphabet and correct pronunciation errors.",
      "teacher_notes": "Focus on sounds that are commonly mispronounced."
    },
    {
      "type": "review",
      "duration_minutes": 5,
      "description": "Quick review of vocabulary related to classroom objects.",
      "student_action": "Students match vocabulary words with images of classroom objects.",
      "teacher_notes": "Use flashcards for visual reinforcement."
    },
    {
      "type": "guided_practice",
      "duration_minutes": 10,
      "description": "Practice pronunciation of new vocabulary words introduced this week.",
      "student_action": "Students repeat after the teacher and practice in pairs.",
      "teacher_notes": "Monitor pronunciation and provide feedback."
    },
    {
      "type": "faith_reflection",
      "duration_minutes": 5,
      "description": "Discuss the faith phrase 'In principio' and its significance.",
      "student_action": "Students reflect on the phrase and share thoughts.",
      "teacher_notes": "Connect the phrase to the virtue of discipline."
    },
    {
      "type": "assessment",
      "duration_minutes": 10,
      "description": "Oral quiz on the Latin alphabet and vocabulary.",
      "student_action": "Students recite the alphabet and translate vocabulary words.",
      "teacher_notes": "Provide immediate feedback and encouragement."
    },
    {
      "type": "closure",
      "duration_minutes": 5,
      "description": "Summarize the day's learning and set expectations for the next lesson.",
      "student_action": "Students share one new thing they learned.",
      "teacher_notes": "Encourage students to practice at home."
    }
  ],
  "behavior": {
    "tone": "Encouraging and supportive",
    "loop_behavior": "Reinforce correct pronunciation through repetition",
    "hints_max": 3,
    "wait_seconds": 5,
    "encouragement_frequency": "Frequent"
  }
}
