{
  "metadata": {
    "week": 2,
    "day": 4,
    "title": "Week 2 Day 4: Introduction to Latin Verbs",
    "duration_minutes": 45,
    "virtue": "Perseverance",
    "faith_phrase": "Laborare est orare (To work is to pray)"
  },
  "prior_knowledge_digest": "Students should be familiar with basic Latin nouns and their declensions, as well as the concept of subject-verb agreement in English. They have been introduced to the first declension and some basic vocabulary, including common nouns and adjectives. Understanding of Latin sentence structure, particularly the Subject-Object-Verb order, is essential. Students should also recall the vocabulary related to family and school, as well as the concept of noun-adjective agreement.",
  "yesterday_recap": "Yesterday, we explored more complex noun-adjective agreements and practiced translating simple sentences from Latin to English, focusing on the first declension.",
  "spiral_links": {
    "recycled_vocab": [
      "familia",
      "schola",
      "magister"
    ],
    "recycled_grammar": [
      "noun-adjective agreement",
      "first declension endings"
    ],
    "prior_day_concepts": [
      "noun-adjective agreement",
      "basic sentence translation"
    ],
    "prior_weeks": [
      1
    ]
  },
  "misconception_watchlist": [
    "Confusing subject and object in sentences",
    "Incorrect verb endings"
  ],
  "objectives": {
    "primary": [
      "Introduce basic Latin verb conjugations",
      "Practice subject-verb agreement"
    ],
    "spiral_review": [
      "Review noun-adjective agreement",
      "Reinforce first declension endings"
    ]
  },
  "materials": [
    "Whiteboard",
    "Markers",
    "Handouts with verb conjugation tables",
    "Flashcards"
  ],
  "lesson_flow": [
    {
      "type": "recall",
      "duration_minutes": 10,
      "description": "Review noun-adjective agreement and first declension endings.",
      "student_action": "Participate in a quick quiz and discussion.",
      "teacher_notes": "Use flashcards to prompt students."
    },
    {
      "type": "introduction",
      "duration_minutes": 10,
      "description": "Introduce basic Latin verb conjugations and subject-verb agreement.",
      "student_action": "Listen and take notes on verb conjugation patterns.",
      "teacher_notes": "Highlight the importance of matching verb endings with subjects."
    },
    {
      "type": "guided_practice",
      "duration_minutes": 10,
      "description": "Practice conjugating verbs with the class using examples on the board.",
      "student_action": "Conjugate verbs in pairs and share with the class.",
      "teacher_notes": "Provide immediate feedback and correct common errors."
    },
    {
      "type": "independent_practice",
      "duration_minutes": 10,
      "description": "Students work on a worksheet to practice verb conjugations independently.",
      "student_action": "Complete the worksheet and check answers with a partner.",
      "teacher_notes": "Circulate to offer help and ensure understanding."
    },
    {
      "type": "assessment",
      "duration_minutes": 5,
      "description": "Quick quiz on verb conjugations and subject-verb agreement.",
      "student_action": "Complete the quiz individually.",
      "teacher_notes": "Use this to gauge understanding and readiness for next steps."
    }
  ],
  "behavior": {
    "tone": "Encouraging and supportive",
    "loop_behavior": "Revisit difficult concepts with additional examples",
    "hints_max": 3,
    "wait_seconds": 5,
    "encouragement_frequency": "Frequent"
  }
}
