{
  "metadata": {
    "week": 1,
    "day": 4,
    "title": "Week 1 Day 4: Introduction to Basic Latin Grammar",
    "duration_minutes": 45,
    "virtue": "Patience",
    "faith_phrase": "Pax vobiscum"
  },
  "prior_knowledge_digest": "Students should be familiar with the Latin alphabet and basic pronunciation rules. They have been introduced to simple Latin greetings and common phrases. Understanding of basic sentence structure in English will aid in grasping Latin syntax. Familiarity with the concept of nouns and verbs in English is essential as we begin to explore these in Latin.",
  "yesterday_recap": "Yesterday, we covered the Latin alphabet and practiced pronunciation. Students learned simple greetings and phrases, such as 'Salve' and 'Vale'.",
  "spiral_links": {
    "recycled_vocab": [
      "Salve",
      "Vale",
      "Roma"
    ],
    "recycled_grammar": [
      "subject-verb agreement",
      "basic sentence structure"
    ],
    "prior_day_concepts": [
      "Latin alphabet",
      "simple greetings"
    ],
    "prior_weeks": []
  },
  "misconception_watchlist": [
    "Confusing Latin pronunciation with English",
    "Misunderstanding noun-verb agreement"
  ],
  "objectives": {
    "primary": [
      "Introduce basic Latin noun and verb forms",
      "Practice simple sentence construction"
    ],
    "spiral_review": [
      "Review Latin alphabet and pronunciation",
      "Reinforce simple greetings"
    ]
  },
  "materials": [
    "Whiteboard",
    "Markers",
    "Handouts with vocabulary",
    "Audio recordings for pronunciation"
  ],
  "lesson_flow": [
    {
      "type": "recall",
      "duration_minutes": 10,
      "description": "Review the Latin alphabet and pronunciation with a quick quiz.",
      "student_action": "Students will participate in a verbal quiz to recall the alphabet and pronunciation.",
      "teacher_notes": "Emphasize correct pronunciation and provide immediate feedback."
    },
    {
      "type": "review",
      "duration_minutes": 5,
      "description": "Revisit simple greetings learned in previous lessons.",
      "student_action": "Students will practice greetings with a partner.",
      "teacher_notes": "Encourage students to use proper pronunciation and intonation."
    },
    {
      "type": "introduction",
      "duration_minutes": 10,
      "description": "Introduce basic noun and verb forms in Latin.",
      "student_action": "Listen and take notes on the new grammar concepts.",
      "teacher_notes": "Use examples to illustrate noun-verb agreement."
    },
    {
      "type": "guided_practice",
      "duration_minutes": 10,
      "description": "Practice constructing simple sentences using new vocabulary and grammar.",
      "student_action": "Work in pairs to create sentences and share with the class.",
      "teacher_notes": "Provide sentence starters and circulate to offer help."
    },
    {
      "type": "assessment",
      "duration_minutes": 10,
      "description": "Conduct a short written quiz on today's vocabulary and grammar.",
      "student_action": "Complete the quiz individually.",
      "teacher_notes": "Collect quizzes for review and provide feedback in the next class."
    }
  ],
  "behavior": {
    "tone": "Encouraging and supportive",
    "loop_behavior": "Provide hints and encouragement if students struggle",
    "hints_max": 3,
    "wait_seconds": 5,
    "encouragement_frequency": "Frequent"
  }
}
