{
  "metadata": {
    "week": 1,
    "day": 4,
    "title": "Week 1 Day 4: Introduction to Latin Nouns",
    "duration_minutes": 45,
    "virtue": "Patience",
    "faith_phrase": "Patience is a virtue."
  },
  "prior_knowledge_digest": "Students should be familiar with basic Latin pronunciation rules and the concept of noun cases. They have been introduced to the nominative and accusative cases, focusing on their functions as the subject and direct object in a sentence. Basic vocabulary related to family and daily activities has been covered, along with simple sentence structures. Students have practiced forming simple sentences using these cases and vocabulary.",
  "yesterday_recap": "Yesterday, we focused on the nominative and accusative cases, practicing with vocabulary related to family members.",
  "spiral_links": {
    "recycled_vocab": [
      "familia",
      "pater",
      "mater"
    ],
    "recycled_grammar": [
      "nominative case",
      "accusative case"
    ],
    "prior_day_concepts": [
      "nominative case",
      "accusative case"
    ],
    "prior_weeks": []
  },
  "misconception_watchlist": [
    "Confusing nominative and accusative cases",
    "Incorrect pronunciation of Latin vowels"
  ],
  "objectives": {
    "primary": [
      "Understand the function of the genitive case",
      "Identify and use genitive case endings"
    ],
    "spiral_review": [
      "Review nominative and accusative cases"
    ]
  },
  "materials": [
    "Whiteboard",
    "Markers",
    "Handouts with noun charts",
    "Audio recordings of vocabulary"
  ],
  "lesson_flow": [
    {
      "type": "recall",
      "duration_minutes": 10,
      "description": "Review the nominative and accusative cases with example sentences.",
      "student_action": "Students will recall and write example sentences on the board.",
      "teacher_notes": "Focus on ensuring students can identify subjects and direct objects."
    },
    {
      "type": "introduction",
      "duration_minutes": 10,
      "description": "Introduce the genitive case and its function to show possession.",
      "student_action": "Students will listen and take notes on the genitive case.",
      "teacher_notes": "Use examples to show possession, like 'pater familiae'."
    },
    {
      "type": "guided_practice",
      "duration_minutes": 10,
      "description": "Practice identifying and using the genitive case in sentences.",
      "student_action": "Students will work in pairs to transform sentences using the genitive case.",
      "teacher_notes": "Circulate to assist and correct misunderstandings."
    },
    {
      "type": "independent_practice",
      "duration_minutes": 10,
      "description": "Students complete a worksheet on the genitive case.",
      "student_action": "Independently complete sentences using the genitive case.",
      "teacher_notes": "Provide hints if students struggle, but encourage independent thinking."
    },
    {
      "type": "assessment",
      "duration_minutes": 5,
      "description": "Quick quiz on nominative, accusative, and genitive cases.",
      "student_action": "Students will complete a short quiz.",
      "teacher_notes": "Use this to gauge understanding and plan for future lessons."
    }
  ],
  "behavior": {
    "tone": "Encouraging and supportive",
    "loop_behavior": "Revisit concepts with new examples if confusion arises",
    "hints_max": 3,
    "wait_seconds": 5,
    "encouragement_frequency": "Frequent"
  }
}
