{
  "metadata": {
    "week": 1,
    "day": 1,
    "title": "Week 1 Day 1: Introduction to Latin Alphabet",
    "duration_minutes": 45,
    "virtue": "Discipline",
    "faith_phrase": "In principio - In the beginning"
  },
  "prior_knowledge_digest": "This lesson assumes no prior knowledge of Latin, as it is the first day of instruction. Students will be introduced to the Latin alphabet, its pronunciation, and basic vocabulary. The focus will be on familiarizing students with the sounds and letters of Latin, setting a foundation for future learning. The virtue of discipline will be highlighted as an essential part of language learning, encouraging students to develop consistent study habits.",
  "yesterday_recap": "N/A - This is the first day of the course.",
  "spiral_links": {
    "recycled_vocab": [],
    "recycled_grammar": [],
    "prior_day_concepts": [],
    "prior_weeks": []
  },
  "misconception_watchlist": [
    "Confusing Latin pronunciation with English",
    "Misidentifying Latin letters with similar English counterparts"
  ],
  "objectives": {
    "primary": [
      "Students will recognize and pronounce the Latin alphabet.",
      "Students will understand the importance of discipline in language learning.",
      "Students will learn the faith phrase 'In principio' and its significance.",
      "Students will begin to build a basic Latin vocabulary.",
      "Students will connect the virtue of discipline with their study habits."
    ],
    "spiral_review": []
  },
  "materials": [
    "Latin alphabet chart",
    "Audio recordings of Latin pronunciation",
    "Vocabulary flashcards",
    "Whiteboard and markers"
  ],
  "lesson_flow": [
    {
      "type": "greeting",
      "duration_minutes": 5,
      "description": "Welcome students and introduce the day's objectives.",
      "student_action": "Listen and prepare for the lesson.",
      "teacher_notes": "Set a positive tone and emphasize the virtue of discipline."
    },
    {
      "type": "introduction",
      "duration_minutes": 10,
      "description": "Introduce the Latin alphabet and its pronunciation.",
      "student_action": "Listen and repeat the sounds of each letter.",
      "teacher_notes": "Use the alphabet chart and audio recordings to demonstrate."
    },
    {
      "type": "chant",
      "duration_minutes": 5,
      "description": "Lead students in the Alphabet Chant to reinforce pronunciation.",
      "student_action": "Participate in the chant, focusing on correct pronunciation.",
      "teacher_notes": "Encourage enthusiasm and correct any mispronunciations."
    },
    {
      "type": "guided_practice",
      "duration_minutes": 10,
      "description": "Practice pronouncing basic vocabulary words.",
      "student_action": "Repeat vocabulary words after the teacher.",
      "teacher_notes": "Use flashcards and focus on clear pronunciation."
    },
    {
      "type": "faith_reflection",
      "duration_minutes": 5,
      "description": "Discuss the faith phrase 'In principio' and its significance.",
      "student_action": "Reflect on the phrase and its meaning.",
      "teacher_notes": "Connect the phrase to the virtue of discipline."
    },
    {
      "type": "closure",
      "duration_minutes": 5,
      "description": "Review the day's learning and preview the next lesson.",
      "student_action": "Ask questions and prepare for the next class.",
      "teacher_notes": "Reiterate the importance of discipline in learning."
    }
  ],
  "behavior": {
    "tone": "Encouraging and supportive",
    "loop_behavior": "Reinforce correct pronunciation through repetition",
    "hints_max": 3,
    "wait_seconds": 5,
    "encouragement_frequency": "Frequent"
  }
}
