{
  "metadata": {
    "week": 1,
    "day": 1,
    "title": "Week 1 Day 1: Introduction to Latin",
    "duration_minutes": 45,
    "virtue": "Curiosity",
    "faith_phrase": "In principio erat Verbum"
  },
  "prior_knowledge_digest": "Students should have a basic understanding of language structure in their native language, such as nouns, verbs, and simple sentence construction. Familiarity with the concept of conjugation and declension in any language is helpful but not required. The goal is to introduce students to Latin as a foundational language that has influenced many modern languages, including English.",
  "yesterday_recap": "N/A - This is the first day of the course.",
  "spiral_links": {
    "recycled_vocab": [],
    "recycled_grammar": [],
    "prior_day_concepts": [],
    "prior_weeks": []
  },
  "misconception_watchlist": [
    "Latin is a dead language and not useful",
    "Latin grammar is the same as English grammar"
  ],
  "objectives": {
    "primary": [
      "Introduce the Latin alphabet and pronunciation",
      "Familiarize students with basic Latin greetings",
      "Explain the significance of Latin in historical and modern contexts"
    ],
    "spiral_review": []
  },
  "materials": [
    "Latin alphabet chart",
    "Pronunciation audio clips",
    "Handout with basic greetings",
    "Whiteboard and markers"
  ],
  "lesson_flow": [
    {
      "type": "greeting",
      "duration_minutes": 5,
      "description": "Welcome students and introduce the course.",
      "student_action": "Listen and ask questions about the course structure.",
      "teacher_notes": "Set a positive tone and encourage curiosity."
    },
    {
      "type": "introduction",
      "duration_minutes": 10,
      "description": "Introduce the Latin alphabet and pronunciation.",
      "student_action": "Repeat after the teacher and practice pronunciation.",
      "teacher_notes": "Use audio clips to demonstrate correct pronunciation."
    },
    {
      "type": "guided_practice",
      "duration_minutes": 10,
      "description": "Practice basic Latin greetings with students.",
      "student_action": "Engage in pair activities to practice greetings.",
      "teacher_notes": "Monitor and assist with pronunciation."
    },
    {
      "type": "introduction",
      "duration_minutes": 10,
      "description": "Discuss the historical significance of Latin.",
      "student_action": "Participate in discussion and take notes.",
      "teacher_notes": "Highlight Latin's influence on modern languages."
    },
    {
      "type": "closure",
      "duration_minutes": 5,
      "description": "Review key points and preview the next lesson.",
      "student_action": "Ask questions and reflect on what was learned.",
      "teacher_notes": "Encourage students to think about how Latin connects to their own language."
    }
  ],
  "behavior": {
    "tone": "Encouraging and supportive",
    "loop_behavior": "Rephrase and simplify",
    "hints_max": 3,
    "wait_seconds": 5,
    "encouragement_frequency": "Frequent"
  }
}
