{
  "metadata": {
    "week": 1,
    "day": 1,
    "title": "Week 1 Day 1: Introduction to Latin",
    "duration_minutes": 45,
    "virtue": "Curiosity",
    "faith_phrase": "In principio erat Verbum"
  },
  "prior_knowledge_digest": "Students are expected to have a basic understanding of language learning concepts, such as vocabulary, grammar, and sentence structure from their native language studies. Familiarity with the concept of conjugation and noun-adjective agreement in English will be beneficial. No prior knowledge of Latin is required, as this is the introductory lesson.",
  "yesterday_recap": "N/A - This is the first lesson.",
  "spiral_links": {
    "recycled_vocab": [],
    "recycled_grammar": [],
    "prior_day_concepts": [],
    "prior_weeks": []
  },
  "misconception_watchlist": [
    "Latin is a dead language and not useful",
    "Latin pronunciation is the same as English"
  ],
  "objectives": {
    "primary": [
      "Introduce students to the Latin alphabet and pronunciation",
      "Familiarize students with basic Latin greetings",
      "Understand the significance of Latin in historical and modern contexts"
    ],
    "spiral_review": []
  },
  "materials": [
    "Latin alphabet chart",
    "Pronunciation audio clips",
    "Basic greetings handout"
  ],
  "lesson_flow": [
    {
      "type": "greeting",
      "duration_minutes": 5,
      "description": "Welcome students and introduce the course objectives.",
      "student_action": "Listen and ask any initial questions.",
      "teacher_notes": "Set a positive and welcoming tone for the course."
    },
    {
      "type": "introduction",
      "duration_minutes": 10,
      "description": "Introduce the Latin alphabet and its pronunciation.",
      "student_action": "Repeat after the teacher and practice pronunciation.",
      "teacher_notes": "Use audio clips to demonstrate correct pronunciation."
    },
    {
      "type": "guided_practice",
      "duration_minutes": 10,
      "description": "Practice basic Latin greetings with the class.",
      "student_action": "Engage in pair activities to practice greetings.",
      "teacher_notes": "Circulate to provide feedback and encouragement."
    },
    {
      "type": "faith_reflection",
      "duration_minutes": 5,
      "description": "Discuss the faith phrase 'In principio erat Verbum' and its significance.",
      "student_action": "Reflect on the phrase and its meaning.",
      "teacher_notes": "Connect the phrase to the importance of language."
    },
    {
      "type": "closure",
      "duration_minutes": 5,
      "description": "Review key points of the lesson and preview the next class.",
      "student_action": "Ask questions and note down any assignments.",
      "teacher_notes": "Encourage students to practice pronunciation at home."
    }
  ],
  "behavior": {
    "tone": "Encouraging and supportive",
    "loop_behavior": "Reiterate key points with enthusiasm",
    "hints_max": 3,
    "wait_seconds": 5,
    "encouragement_frequency": "Frequent"
  }
}
