{
  "metadata": {
    "week": 1,
    "day": 1,
    "title": "Week 1 Day 1: Introduction to Latin",
    "duration_minutes": 45,
    "virtue": "Curiosity",
    "faith_phrase": "In principio erat Verbum"
  },
  "prior_knowledge_digest": "Students are expected to have a basic understanding of language learning concepts, such as vocabulary, grammar, and pronunciation. They should be familiar with the idea of conjugating verbs and the importance of memorization in language acquisition. Previous exposure to any Romance language can be beneficial, but is not required.",
  "yesterday_recap": "N/A - This is the first day of the course.",
  "spiral_links": {
    "recycled_vocab": [],
    "recycled_grammar": [],
    "prior_day_concepts": [],
    "prior_weeks": []
  },
  "misconception_watchlist": [
    "Latin is a spoken language like modern languages.",
    "Latin pronunciation is the same as English."
  ],
  "objectives": {
    "primary": [
      "Introduce the Latin alphabet and pronunciation.",
      "Familiarize students with basic Latin greetings and phrases.",
      "Understand the significance of Latin in historical and modern contexts."
    ],
    "spiral_review": []
  },
  "materials": [
    "Latin alphabet chart",
    "Pronunciation audio clips",
    "Handout with basic greetings and phrases"
  ],
  "lesson_flow": [
    {
      "type": "greeting",
      "duration_minutes": 5,
      "description": "Welcome students and introduce the course.",
      "student_action": "Listen and ask any initial questions.",
      "teacher_notes": "Set a positive and welcoming tone."
    },
    {
      "type": "introduction",
      "duration_minutes": 10,
      "description": "Introduce the Latin alphabet and pronunciation.",
      "student_action": "Repeat after the teacher and practice pronunciation.",
      "teacher_notes": "Use audio clips to demonstrate correct pronunciation."
    },
    {
      "type": "guided_practice",
      "duration_minutes": 10,
      "description": "Practice basic Latin greetings and phrases.",
      "student_action": "Pair up and practice greetings with a partner.",
      "teacher_notes": "Circulate to provide feedback and encouragement."
    },
    {
      "type": "faith_reflection",
      "duration_minutes": 5,
      "description": "Discuss the faith phrase 'In principio erat Verbum' and its significance.",
      "student_action": "Reflect on the phrase and its meaning.",
      "teacher_notes": "Connect the phrase to the importance of language in faith."
    },
    {
      "type": "closure",
      "duration_minutes": 5,
      "description": "Review key points and preview the next lesson.",
      "student_action": "Ask questions and note down homework.",
      "teacher_notes": "Encourage students to review the alphabet and greetings at home."
    }
  ],
  "behavior": {
    "tone": "Encouraging and supportive",
    "loop_behavior": "Reiterate key points if students seem confused.",
    "hints_max": 3,
    "wait_seconds": 5,
    "encouragement_frequency": "Frequent"
  }
}
