{
  "metadata": {
    "week": 1,
    "day": 3,
    "title": "Week 1 Day 3: Introduction to Latin Nouns",
    "duration_minutes": 45,
    "virtue": "Patience",
    "faith_phrase": "Patience is a virtue."
  },
  "prior_knowledge_digest": "Students should have a basic understanding of the Latin alphabet and pronunciation rules. They should be familiar with the concept of nouns in English, including singular and plural forms. Additionally, students should have been introduced to the idea of grammatical gender and number, which are essential for understanding Latin nouns.",
  "yesterday_recap": "Yesterday, we explored the Latin alphabet and practiced pronunciation. We also discussed the importance of understanding grammatical gender in Latin.",
  "spiral_links": {
    "recycled_vocab": [],
    "recycled_grammar": [],
    "prior_day_concepts": [
      "Latin alphabet",
      "Pronunciation rules",
      "Grammatical gender"
    ],
    "prior_weeks": []
  },
  "misconception_watchlist": [
    "Confusing Latin noun endings with English",
    "Misidentifying noun gender"
  ],
  "objectives": {
    "primary": [
      "Introduce Latin nouns",
      "Understand noun gender and number",
      "Practice noun endings"
    ],
    "spiral_review": []
  },
  "materials": [
    "Whiteboard",
    "Markers",
    "Handouts with noun endings",
    "Flashcards"
  ],
  "lesson_flow": [
    {
      "type": "recall",
      "duration_minutes": 5,
      "description": "Review the Latin alphabet and pronunciation rules.",
      "student_action": "Students recite the alphabet and practice pronunciation.",
      "teacher_notes": "Ensure correct pronunciation and address any difficulties."
    },
    {
      "type": "introduction",
      "duration_minutes": 10,
      "description": "Introduce the concept of Latin nouns, focusing on gender and number.",
      "student_action": "Listen and take notes on noun gender and number.",
      "teacher_notes": "Use examples to illustrate gender and number."
    },
    {
      "type": "guided_practice",
      "duration_minutes": 10,
      "description": "Practice identifying noun gender and number using flashcards.",
      "student_action": "Work in pairs to sort flashcards by gender and number.",
      "teacher_notes": "Circulate to provide support and correct misconceptions."
    },
    {
      "type": "independent_practice",
      "duration_minutes": 10,
      "description": "Complete a worksheet on identifying and using Latin noun endings.",
      "student_action": "Independently complete the worksheet.",
      "teacher_notes": "Provide hints if necessary, focusing on common errors."
    },
    {
      "type": "closure",
      "duration_minutes": 5,
      "description": "Summarize the key points of the lesson and preview the next lesson.",
      "student_action": "Participate in a brief discussion and ask questions.",
      "teacher_notes": "Highlight the importance of understanding noun endings."
    }
  ],
  "behavior": {
    "tone": "Encouraging and supportive",
    "loop_behavior": "Reinforce key concepts through repetition",
    "hints_max": 3,
    "wait_seconds": 5,
    "encouragement_frequency": "Frequent"
  }
}
