{
  "spiral_strategy": "Systematic review of prior content at increasing intervals",
  "day_4_protocol": {
    "minimum_prior_content": "25%",
    "focus": "Interleaving recent weeks with current content",
    "approach": "Mix review with new application opportunities"
  },
  "recycling_intervals": {
    "week_1_back": "Every Day 4",
    "weeks_2_4_back": "Every other week",
    "weeks_5_plus_back": "Monthly touchpoints"
  },
  "integration_methods": [
    "Cumulative vocabulary games",
    "Progressive chant building",
    "Comparative grammar discussions",
    "Cultural knowledge connections"
  ],
  "tracking": "Monitor which concepts have been recycled and schedule future reviews"
}
