{
  "primary_methods": [
    "Spaced repetition",
    "Multisensory engagement",
    "Interleaving",
    "Spiral review"
  ],
  "techniques": {
    "chanting": "Rhythmic repetition with gestures",
    "copywork": "Kinesthetic reinforcement of vocabulary and phrases",
    "games": "Playful practice with immediate feedback",
    "storytelling": "Contextual embedding of language"
  },
  "frequency": {
    "new_content": "Introduced Day 1, practiced Days 2-3",
    "review_content": "Integrated Days 3-4 and subsequent weeks",
    "spiral_content": "25% of Day 4 activities minimum"
  }
}
