{
  "course": "Latin A",
  "week": null,
  "week_title": "Latin Foundations: Alphabet and Pronunciation",
  "grammar_focus": "Introduction to Latin Alphabet and Pronunciation",
  "chant": "Latin Alphabet Chant",
  "virtue_focus": "Discipline",
  "faith_phrase": "In principio - In the beginning",
  "vocabulary_summary": "Introduction to basic Latin words and pronunciation.",
  "author_metadata": {
    "author_name": "Steel",
    "author_contact": "steel@tequila.org"
  },
  "originality_attestation": true,
  "license": "CC BY 4.0"
}
