[
  {
    "latin": "aqua",
    "english": "water",
    "part_of_speech": "noun",
    "pronunciation": "AH-kwah",
    "example_phrase": "Aqua est necessaria.",
    "notes": null,
    "is_recycled": false,
    "from_week": null
  },
  {
    "latin": "terra",
    "english": "earth",
    "part_of_speech": "noun",
    "pronunciation": "TEHR-rah",
    "example_phrase": "Terra est magna.",
    "notes": null,
    "is_recycled": false,
    "from_week": null
  },
  {
    "latin": "amicus",
    "english": "friend",
    "part_of_speech": "noun",
    "pronunciation": "ah-MEE-koos",
    "example_phrase": "Amicus bonus est.",
    "notes": null,
    "is_recycled": false,
    "from_week": null
  },
  {
    "latin": "luna",
    "english": "moon",
    "part_of_speech": "noun",
    "pronunciation": "LOO-nah",
    "example_phrase": "Luna clara est.",
    "notes": null,
    "is_recycled": false,
    "from_week": null
  },
  {
    "latin": "sol",
    "english": "sun",
    "part_of_speech": "noun",
    "pronunciation": "sohl",
    "example_phrase": "Sol lucet.",
    "notes": null,
    "is_recycled": false,
    "from_week": null
  },
  {
    "latin": "via",
    "english": "road",
    "part_of_speech": "noun",
    "pronunciation": "WEE-ah",
    "example_phrase": "Via longa est.",
    "notes": null,
    "is_recycled": false,
    "from_week": null
  },
  {
    "latin": "domus",
    "english": "house",
    "part_of_speech": "noun",
    "pronunciation": "DOH-moos",
    "example_phrase": "Domus magna est.",
    "notes": null,
    "is_recycled": false,
    "from_week": null
  },
  {
    "latin": "flamma",
    "english": "flame",
    "part_of_speech": "noun",
    "pronunciation": "FLAHM-mah",
    "example_phrase": "Flamma calida est.",
    "notes": null,
    "is_recycled": false,
    "from_week": null
  }
]
