[
  {
    "latin": "A",
    "english": "A",
    "part_of_speech": "letter",
    "pronunciation": "ah",
    "example_phrase": "Amicus - Friend"
  },
  {
    "latin": "B",
    "english": "B",
    "part_of_speech": "letter",
    "pronunciation": "beh",
    "example_phrase": "Bonus - Good"
  },
  {
    "latin": "C",
    "english": "C",
    "part_of_speech": "letter",
    "pronunciation": "keh",
    "example_phrase": "Civis - Citizen"
  },
  {
    "latin": "D",
    "english": "D",
    "part_of_speech": "letter",
    "pronunciation": "deh",
    "example_phrase": "Dominus - Lord"
  },
  {
    "latin": "E",
    "english": "E",
    "part_of_speech": "letter",
    "pronunciation": "eh",
    "example_phrase": "Equus - Horse"
  },
  {
    "latin": "F",
    "english": "F",
    "part_of_speech": "letter",
    "pronunciation": "ef",
    "example_phrase": "Filius - Son"
  },
  {
    "latin": "G",
    "english": "G",
    "part_of_speech": "letter",
    "pronunciation": "geh",
    "example_phrase": "Gloria - Glory"
  },
  {
    "latin": "H",
    "english": "H",
    "part_of_speech": "letter",
    "pronunciation": "hah",
    "example_phrase": "Homo - Man"
  }
]
