[
  {
    "latin": "A",
    "english": "A",
    "part_of_speech": "letter",
    "pronunciation": "/aː/",
    "example": "Aqua - Water"
  },
  {
    "latin": "B",
    "english": "B",
    "part_of_speech": "letter",
    "pronunciation": "/beː/",
    "example": "Bellum - War"
  },
  {
    "latin": "C",
    "english": "C",
    "part_of_speech": "letter",
    "pronunciation": "/keː/",
    "example": "Civitas - State"
  },
  {
    "latin": "D",
    "english": "D",
    "part_of_speech": "letter",
    "pronunciation": "/deː/",
    "example": "Dominus - Lord"
  },
  {
    "latin": "E",
    "english": "E",
    "part_of_speech": "letter",
    "pronunciation": "/eː/",
    "example": "Equus - Horse"
  },
  {
    "latin": "F",
    "english": "F",
    "part_of_speech": "letter",
    "pronunciation": "/ef/",
    "example": "Filius - Son"
  },
  {
    "latin": "G",
    "english": "G",
    "part_of_speech": "letter",
    "pronunciation": "/geː/",
    "example": "Gloria - Glory"
  },
  {
    "latin": "H",
    "english": "H",
    "part_of_speech": "letter",
    "pronunciation": "/haː/",
    "example": "Homo - Man"
  }
]
