{
  "quiz_structure": {
    "sections": [
      {
        "type": "pronunciation",
        "description": "Students pronounce given letters.",
        "sample_items": [
          "Pronounce the letter 'C'.",
          "Pronounce the letter 'G'."
        ]
      },
      {
        "type": "chant_recall",
        "description": "Students recite the alphabet chant.",
        "sample_items": [
          "Recite the first half of the alphabet chant."
        ]
      }
    ],
    "scoring_notes": "Pronunciation accuracy and chant recall are scored equally.",
    "review_before_quiz": "Review the alphabet chant and practice pronouncing each letter."
  }
}
