{
  "quiz_structure": {
    "sections": [
      {
        "type": "recitation",
        "description": "Students will recite the Latin alphabet.",
        "sample_items": []
      },
      {
        "type": "pronunciation",
        "description": "Students will pronounce selected vocabulary words.",
        "sample_items": []
      },
      {
        "type": "translation",
        "description": "Translate simple Latin phrases to English.",
        "sample_items": []
      }
    ],
    "scoring_notes": null
  },
  "review_before_quiz": null,
  "format": null,
  "timing": null,
  "prior_content_percentage": null,
  "items": null
}
