{
  "01_metadata.json": {
    "week_title": "Latin Foundations: Alphabet and Pronunciation",
    "grammar_focus": "Introduction to Latin Alphabet and Sounds",
    "chant": "Alphabet Chant",
    "virtue_focus": "Discipline",
    "faith_phrase": "In principio - In the beginning",
    "vocabulary_summary": "Basic Latin sounds and letters",
    "author_metadata": {
      "author": "TEQUILA Curriculum Team",
      "originality_attestation": true,
      "license": "CC BY 4.0"
    }
  },
  "02_objectives.json": [
    "Students will recognize and pronounce each letter of the Latin alphabet.",
    "Students will understand the basic sounds associated with Latin vowels and consonants.",
    "Students will connect the virtue of discipline with consistent practice in pronunciation.",
    "Students will explore the faith phrase 'In principio' and its significance.",
    "Students will begin to appreciate the structure and beauty of the Latin language."
  ],
  "03_vocabulary.json": [
    {
      "latin": "A",
      "english": "A",
      "part_of_speech": "letter",
      "pronunciation": "/aː/",
      "example": "Aqua - Water"
    },
    {
      "latin": "B",
      "english": "B",
      "part_of_speech": "letter",
      "pronunciation": "/beː/",
      "example": "Bellum - War"
    },
    {
      "latin": "C",
      "english": "C",
      "part_of_speech": "letter",
      "pronunciation": "/keː/",
      "example": "Civitas - State"
    },
    {
      "latin": "D",
      "english": "D",
      "part_of_speech": "letter",
      "pronunciation": "/deː/",
      "example": "Dominus - Lord"
    },
    {
      "latin": "E",
      "english": "E",
      "part_of_speech": "letter",
      "pronunciation": "/eː/",
      "example": "Equus - Horse"
    },
    {
      "latin": "F",
      "english": "F",
      "part_of_speech": "letter",
      "pronunciation": "/ef/",
      "example": "Filius - Son"
    },
    {
      "latin": "G",
      "english": "G",
      "part_of_speech": "letter",
      "pronunciation": "/geː/",
      "example": "Gloria - Glory"
    },
    {
      "latin": "H",
      "english": "H",
      "part_of_speech": "letter",
      "pronunciation": "/haː/",
      "example": "Homo - Man"
    }
  ],
  "04_grammar_focus.md": "### Introduction to the Latin Alphabet and Sounds\n\nThe Latin alphabet is the foundation of our study. It consists of 23 letters, each with its unique sound. Unlike English, Latin pronunciation is consistent, making it easier to learn once the basic sounds are mastered.\n\nTo begin, we focus on the vowels: A, E, I, O, U. Each vowel has a long and short sound. For example, 'A' is pronounced as /aː/ in 'aqua' (water).\n\nConsonants in Latin are generally pronounced as they are in English, with a few exceptions. For instance, 'C' is always hard, as in 'cat,' and 'G' is always hard, as in 'go.'\n\n```latin\nA, B, C, D, E, F, G, H, I, K, L, M, N, O, P, Q, R, S, T, U, V, X, Y, Z\n```\n\nThis chant helps students remember the order and sound of each letter, setting the stage for reading and writing in Latin.",
  "05_chant.json": {
    "text": "Call: A, B, C, D, E, F, G\nResponse: H, I, K, L, M, N, O\nCall: P, Q, R, S, T, U, V\nResponse: X, Y, Z"
  },
  "06_sessions_week_view.json": [],
  "07_assessment.json": {
    "quiz_structure": {
      "sections": [
        {
          "type": "pronunciation",
          "description": "Students pronounce given letters.",
          "sample_items": [
            "Pronounce the letter 'C'.",
            "Pronounce the letter 'G'."
          ]
        },
        {
          "type": "chant_recall",
          "description": "Students recite the alphabet chant.",
          "sample_items": [
            "Recite the first half of the alphabet chant."
          ]
        }
      ],
      "scoring_notes": "Pronunciation accuracy and chant recall are scored equally.",
      "review_before_quiz": "Review the alphabet chant and practice pronouncing each letter."
    }
  },
  "08_assets_index.json": [],
  "09_spiral_links.json": {
    "prior_knowledge": [
      {
        "source_week": 0,
        "concept": "Basic English alphabet",
        "reuse_reason": "Foundation for Latin alphabet"
      }
    ]
  },
  "10_interleaving_plan.md": "### Teacher Notes\n\n- **Pronunciation Cues**: Emphasize the hard sounds of 'C' and 'G'.\n- **Pacing Advice**: Spend time each day on pronunciation drills. Use the chant to reinforce memory.\n- **Connections**: This week lays the groundwork for reading Latin. Next week, we'll build on this by introducing simple words.\n- **Encouragement**: Remind students that discipline in practice leads to mastery.",
  "11_misconception_watchlist.json": [],
  "12_preview_next_week.md": ""
}
