{
  "01_metadata.json": {
    "week_title": "Latin Foundations: Alphabet and Pronunciation",
    "grammar_focus": "Introduction to Latin Alphabet and Sounds",
    "chant": "Alphabet Chant",
    "virtue_focus": "Discipline",
    "faith_phrase": "In principio - In the beginning",
    "vocabulary_summary": "Basic Latin sounds and letters",
    "author_metadata": {
      "author_name": "Steel",
      "author_contact": "steel@tequila.org"
    },
    "originality_attestation": true,
    "license": "CC BY 4.0"
  },
  "02_objectives.json": [
    "Recognize and pronounce each letter of the Latin alphabet.",
    "Understand the basic sounds associated with Latin vowels and consonants.",
    "Memorize the faith phrase 'In principio' and its translation.",
    "Demonstrate discipline in practicing pronunciation daily.",
    "Connect the virtue of discipline with consistent study habits."
  ],
  "03_vocabulary.json": [
    {
      "latin": "A",
      "english": "A",
      "part_of_speech": "letter",
      "pronunciation": "ah",
      "example_phrase": "Amicus - Friend"
    },
    {
      "latin": "B",
      "english": "B",
      "part_of_speech": "letter",
      "pronunciation": "beh",
      "example_phrase": "Bonus - Good"
    },
    {
      "latin": "C",
      "english": "C",
      "part_of_speech": "letter",
      "pronunciation": "keh",
      "example_phrase": "Civis - Citizen"
    },
    {
      "latin": "D",
      "english": "D",
      "part_of_speech": "letter",
      "pronunciation": "deh",
      "example_phrase": "Dominus - Lord"
    },
    {
      "latin": "E",
      "english": "E",
      "part_of_speech": "letter",
      "pronunciation": "eh",
      "example_phrase": "Equus - Horse"
    },
    {
      "latin": "F",
      "english": "F",
      "part_of_speech": "letter",
      "pronunciation": "ef",
      "example_phrase": "Filius - Son"
    },
    {
      "latin": "G",
      "english": "G",
      "part_of_speech": "letter",
      "pronunciation": "geh",
      "example_phrase": "Gloria - Glory"
    },
    {
      "latin": "H",
      "english": "H",
      "part_of_speech": "letter",
      "pronunciation": "hah",
      "example_phrase": "Homo - Man"
    }
  ],
  "04_grammar_focus.md": "### Introduction to Latin Alphabet and Sounds\n\nThe Latin alphabet consists of 23 letters, similar to the English alphabet but without J, U, and W. Each letter has a distinct sound, which is crucial for proper pronunciation. Understanding these sounds lays the foundation for reading and speaking Latin fluently.\n\nTo begin, focus on the vowels: A, E, I, O, U. Each vowel has a long and short sound. For example, 'A' is pronounced 'ah' as in 'father'.\n\nConsonants like 'C' and 'G' are always hard, as in 'cat' and 'go'. Practice these sounds with the chant:\n\n```\nA, B, C, D, E, F, G,\nH, I, K, L, M, N, O, P,\nQ, R, S, T, U, X, Y, Z.\n```\n\nThis chant will help you remember the order and sounds of the Latin letters, building a strong foundation for future lessons.",
  "05_chant.json": {
    "text": "Call: A, B, C, D, E, F, G,\nResponse: H, I, K, L, M, N, O, P,\nCall: Q, R, S, T, U, X, Y, Z."
  },
  "06_sessions_week_view.json": [],
  "07_assessment.json": {
    "quiz_structure": {
      "sections": [
        {
          "type": "pronunciation",
          "description": "Students will pronounce a selection of Latin letters.",
          "sample_items": [
            "Pronounce the letter 'C'.",
            "Pronounce the letter 'G'."
          ]
        },
        {
          "type": "translation",
          "description": "Translate the faith phrase 'In principio'.",
          "sample_items": [
            "Translate 'In principio'."
          ]
        },
        {
          "type": "chant recall",
          "description": "Recite the alphabet chant.",
          "sample_items": [
            "Recite the alphabet chant."
          ]
        }
      ],
      "scoring_notes": "Each section is worth 10 points. Pronunciation accuracy and chant recall are key."
    },
    "review_before_quiz": "Review the pronunciation of each letter and practice the alphabet chant daily."
  },
  "08_assets_index.json": [],
  "09_spiral_links.json": {
    "prior_knowledge": []
  },
  "10_interleaving_plan.md": "### Teacher Notes\n\n- **Pronunciation Cues**: Emphasize the hard sounds of 'C' and 'G'.\n- **Pacing Advice**: Spend the first two days focusing on vowels, then move to consonants.\n- **Connection to Prior/Next Weeks**: This week sets the foundation for reading and speaking. Next week, we'll build on these sounds with simple words.\n- **Encouragement**: Remind students that discipline in practice leads to mastery.",
  "11_misconception_watchlist.json": [],
  "12_preview_next_week.md": ""
}
