{
  "01_metadata.json": {
    "course": "Latin A",
    "week": null,
    "week_title": "Latin Foundations: Alphabet and Pronunciation",
    "grammar_focus": "Introduction to Latin Alphabet and Pronunciation",
    "chant": "Latin Alphabet Chant",
    "virtue_focus": "Discipline",
    "faith_phrase": "In principio - In the beginning",
    "vocabulary_summary": "Introduction to basic Latin words and pronunciation.",
    "author_metadata": {
      "author_name": "Steel",
      "author_contact": "steel@tequila.org"
    },
    "originality_attestation": true,
    "license": "CC BY 4.0"
  },
  "02_objectives.json": [
    "Students will be able to recite the Latin alphabet and demonstrate correct pronunciation.",
    "Students will recognize and pronounce basic Latin vocabulary.",
    "Students will understand the importance of discipline in language learning.",
    "Students will connect the faith phrase 'In principio' to its meaning and context.",
    "Students will begin to appreciate the structure and beauty of Latin as a foundational language."
  ],
  "03_vocabulary.json": [
    {
      "latin": "aqua",
      "english": "water",
      "part_of_speech": "noun",
      "pronunciation": "AH-kwah",
      "example_phrase": "Aqua est necessaria.",
      "notes": null,
      "is_recycled": false,
      "from_week": null
    },
    {
      "latin": "terra",
      "english": "earth",
      "part_of_speech": "noun",
      "pronunciation": "TEHR-rah",
      "example_phrase": "Terra est magna.",
      "notes": null,
      "is_recycled": false,
      "from_week": null
    },
    {
      "latin": "amicus",
      "english": "friend",
      "part_of_speech": "noun",
      "pronunciation": "ah-MEE-koos",
      "example_phrase": "Amicus bonus est.",
      "notes": null,
      "is_recycled": false,
      "from_week": null
    },
    {
      "latin": "luna",
      "english": "moon",
      "part_of_speech": "noun",
      "pronunciation": "LOO-nah",
      "example_phrase": "Luna clara est.",
      "notes": null,
      "is_recycled": false,
      "from_week": null
    },
    {
      "latin": "sol",
      "english": "sun",
      "part_of_speech": "noun",
      "pronunciation": "sohl",
      "example_phrase": "Sol lucet.",
      "notes": null,
      "is_recycled": false,
      "from_week": null
    },
    {
      "latin": "via",
      "english": "road",
      "part_of_speech": "noun",
      "pronunciation": "WEE-ah",
      "example_phrase": "Via longa est.",
      "notes": null,
      "is_recycled": false,
      "from_week": null
    },
    {
      "latin": "domus",
      "english": "house",
      "part_of_speech": "noun",
      "pronunciation": "DOH-moos",
      "example_phrase": "Domus magna est.",
      "notes": null,
      "is_recycled": false,
      "from_week": null
    },
    {
      "latin": "flamma",
      "english": "flame",
      "part_of_speech": "noun",
      "pronunciation": "FLAHM-mah",
      "example_phrase": "Flamma calida est.",
      "notes": null,
      "is_recycled": false,
      "from_week": null
    }
  ],
  "04_grammar_focus.md": "### Introduction to Latin Alphabet and Pronunciation\n\nLatin, the language of ancient Rome, begins with its alphabet. The Latin alphabet is the foundation of many modern languages, including English. This week, students will learn the Latin alphabet, which consists of 23 letters. Unlike English, Latin does not include the letters J, U, and W.\n\nCorrect pronunciation is crucial in Latin. Each letter has a distinct sound, and vowels are pronounced clearly. For example, 'a' is always pronounced as 'ah', similar to the 'a' in 'father'.\n\nTo aid memorization, we will use the following chant:\n\n```\nA, B, C, D, E, F, G,\nH, I, K, L, M, N, O,\nP, Q, R, S, T, U, X, Y, Z.\n```\n\nThis chant helps students internalize the sequence and sounds of the Latin alphabet, setting a strong foundation for future learning.",
  "05_chant.json": {
    "text": "Latin Alphabet Chant\n\nA, B, C, D, E, F, G,\nH, I, K, L, M, N, O,\nP, Q, R, S, T, U, X, Y, Z.",
    "latin_text": null,
    "english_translation": null,
    "source": null,
    "notes": null
  },
  "06_sessions_week_view.json": [],
  "07_assessment.json": {
    "quiz_structure": {
      "sections": [
        {
          "type": "recitation",
          "description": "Students will recite the Latin alphabet.",
          "sample_items": []
        },
        {
          "type": "pronunciation",
          "description": "Students will pronounce selected vocabulary words.",
          "sample_items": []
        },
        {
          "type": "translation",
          "description": "Translate simple Latin phrases to English.",
          "sample_items": []
        }
      ],
      "scoring_notes": null
    },
    "review_before_quiz": null,
    "format": null,
    "timing": null,
    "prior_content_percentage": null,
    "items": null
  },
  "08_assets_index.json": [],
  "09_spiral_links.json": {
    "prior_knowledge": [],
    "prior_weeks_dependencies": [],
    "recycled_vocab": [],
    "recycled_grammar": [],
    "notes": null
  },
  "10_interleaving_plan.md": "### Teacher Notes\n\n- **Pronunciation Tips:** Emphasize the clear pronunciation of vowels. Use examples from English to help students relate.\n- **Pacing Advice:** Spend the first two days focusing on the alphabet and pronunciation. Use chants to reinforce learning.\n- **Connections:** This week sets the foundation for understanding Latin sounds, which will be crucial as we move into more complex grammar and vocabulary in the coming weeks.\n- **Encouragement:** Remind students that discipline in practice will lead to mastery and confidence in their Latin studies.",
  "11_misconception_watchlist.json": [],
  "12_preview_next_week.md": ""
}
