{
  "metadata": {
    "week": 1,
    "day": 2,
    "title": "Week 1 Day 2: Introduction to Latin Alphabet",
    "duration_minutes": 45,
    "virtue": "Discipline",
    "faith_phrase": "In principio - In the beginning"
  },
  "prior_knowledge_digest": "Students should have a basic understanding of the concept of alphabets and their role in language. Familiarity with the English alphabet will aid in recognizing similarities and differences with the Latin alphabet. Understanding the importance of discipline in learning new languages is also beneficial.",
  "yesterday_recap": "Yesterday, we introduced the concept of the Latin alphabet and began exploring its pronunciation. We also discussed the virtue of discipline and its importance in language learning.",
  "spiral_links": {
    "recycled_vocab": [],
    "recycled_grammar": [],
    "prior_day_concepts": [
      "Latin alphabet",
      "discipline in learning"
    ],
    "prior_weeks": []
  },
  "misconception_watchlist": [
    "Confusing Latin pronunciation with English",
    "Overlooking the importance of discipline"
  ],
  "objectives": {
    "primary": [
      "Students will recognize and pronounce the Latin alphabet.",
      "Students will understand the importance of discipline in language learning.",
      "Students will learn the faith phrase 'In principio' and its significance.",
      "Students will begin to build a basic Latin vocabulary."
    ],
    "spiral_review": []
  },
  "materials": [
    "Latin alphabet chart",
    "Audio recordings of Latin pronunciation",
    "Faith phrase poster",
    "Vocabulary flashcards"
  ],
  "lesson_flow": [
    {
      "type": "recall",
      "duration_minutes": 5,
      "description": "Review the Latin alphabet introduced yesterday.",
      "student_action": "Students recite the alphabet with the teacher.",
      "teacher_notes": "Focus on correct pronunciation."
    },
    {
      "type": "introduction",
      "duration_minutes": 10,
      "description": "Introduce new vocabulary words and their pronunciation.",
      "student_action": "Students listen and repeat new vocabulary words.",
      "teacher_notes": "Use flashcards to visually reinforce learning."
    },
    {
      "type": "guided_practice",
      "duration_minutes": 10,
      "description": "Practice the pronunciation of the Latin alphabet and new vocabulary.",
      "student_action": "Students practice in pairs, taking turns to pronounce words.",
      "teacher_notes": "Circulate to provide feedback and correct pronunciation."
    },
    {
      "type": "faith_reflection",
      "duration_minutes": 5,
      "description": "Discuss the faith phrase 'In principio' and its significance.",
      "student_action": "Students reflect on the phrase and its meaning.",
      "teacher_notes": "Connect the phrase to the virtue of discipline."
    },
    {
      "type": "closure",
      "duration_minutes": 5,
      "description": "Summarize the day's learning and reinforce the importance of discipline.",
      "student_action": "Students share one thing they learned today.",
      "teacher_notes": "Encourage students to apply discipline in their study habits."
    }
  ],
  "behavior": {
    "tone": "Encouraging and supportive",
    "loop_behavior": "Gently redirect focus to the task",
    "hints_max": 3,
    "wait_seconds": 5,
    "encouragement_frequency": "Frequent"
  }
}
