{
  "metadata": {
    "week": 1,
    "day": 2,
    "title": "Week 1 Day 2: Introduction to Latin Nouns",
    "duration_minutes": 45,
    "virtue": "Patience",
    "faith_phrase": "Patience is a virtue."
  },
  "prior_knowledge_digest": "Students should have a basic understanding of the Latin alphabet and pronunciation. They should be familiar with the concept of nouns and their role in sentences from English grammar. This includes recognizing nouns as people, places, things, or ideas. Additionally, students should have been introduced to the idea of grammatical gender, though not yet in the context of Latin.",
  "yesterday_recap": "Yesterday, we introduced the Latin alphabet and practiced pronunciation. We also discussed the concept of grammatical gender in Latin.",
  "spiral_links": {
    "recycled_vocab": [],
    "recycled_grammar": [],
    "prior_day_concepts": [
      "Latin alphabet",
      "Pronunciation",
      "Grammatical gender"
    ],
    "prior_weeks": []
  },
  "misconception_watchlist": [
    "Confusing Latin noun endings with English",
    "Mispronunciation of Latin vowels"
  ],
  "objectives": {
    "primary": [
      "Identify Latin nouns",
      "Understand the concept of grammatical gender in Latin"
    ],
    "spiral_review": []
  },
  "materials": [
    "Whiteboard",
    "Markers",
    "Handouts with Latin noun examples",
    "Audio recordings of Latin pronunciation"
  ],
  "lesson_flow": [
    {
      "type": "recall",
      "duration_minutes": 5,
      "description": "Review the Latin alphabet and pronunciation from yesterday.",
      "student_action": "Students recite the alphabet and practice pronunciation.",
      "teacher_notes": "Ensure correct pronunciation and address any difficulties."
    },
    {
      "type": "introduction",
      "duration_minutes": 10,
      "description": "Introduce Latin nouns and the concept of grammatical gender.",
      "student_action": "Listen and take notes on the introduction to Latin nouns.",
      "teacher_notes": "Use examples to illustrate the concept of gender in Latin nouns."
    },
    {
      "type": "guided_practice",
      "duration_minutes": 10,
      "description": "Practice identifying Latin nouns and their genders with examples.",
      "student_action": "Work through examples with the teacher, identifying nouns and their genders.",
      "teacher_notes": "Provide immediate feedback and correct misconceptions."
    },
    {
      "type": "independent_practice",
      "duration_minutes": 10,
      "description": "Students complete a worksheet identifying nouns and their genders.",
      "student_action": "Independently identify nouns and their genders on the worksheet.",
      "teacher_notes": "Circulate to provide support and check for understanding."
    },
    {
      "type": "closure",
      "duration_minutes": 5,
      "description": "Recap the day's learning and preview the next lesson.",
      "student_action": "Participate in a brief discussion about what was learned.",
      "teacher_notes": "Highlight key points and address any remaining questions."
    }
  ],
  "behavior": {
    "tone": "Encouraging and supportive",
    "loop_behavior": "Provide positive reinforcement and gentle correction",
    "hints_max": 3,
    "wait_seconds": 5,
    "encouragement_frequency": "Frequent"
  }
}
