{
  "metadata": {
    "week": 1,
    "day": 1,
    "title": "Week 1 Day 1: Introduction to Latin",
    "duration_minutes": 45,
    "virtue": "Curiosity",
    "faith_phrase": "In principio erat Verbum"
  },
  "prior_knowledge_digest": "Students should have a basic understanding of language structure, including nouns, verbs, and adjectives in English. Familiarity with the concept of conjugation and declension is helpful but not required. The focus will be on introducing the Latin alphabet and pronunciation, as well as simple greetings.",
  "yesterday_recap": "N/A - This is the first day of the course.",
  "spiral_links": {
    "recycled_vocab": [],
    "recycled_grammar": [],
    "prior_day_concepts": [],
    "prior_weeks": []
  },
  "misconception_watchlist": [
    "Confusing Latin pronunciation with English",
    "Misidentifying noun cases"
  ],
  "objectives": {
    "primary": [
      "Introduce the Latin alphabet and pronunciation",
      "Teach basic Latin greetings",
      "Familiarize students with classroom commands in Latin"
    ],
    "spiral_review": []
  },
  "materials": [
    "Latin alphabet chart",
    "Pronunciation audio clips",
    "Flashcards with basic greetings",
    "Whiteboard and markers"
  ],
  "lesson_flow": [
    {
      "type": "greeting",
      "duration_minutes": 5,
      "description": "Begin with a warm welcome and introduce the day's objectives.",
      "student_action": "Listen and respond to the teacher's greeting.",
      "teacher_notes": "Set a positive tone for the class."
    },
    {
      "type": "introduction",
      "duration_minutes": 10,
      "description": "Introduce the Latin alphabet and its pronunciation.",
      "student_action": "Repeat after the teacher and practice pronunciation.",
      "teacher_notes": "Use audio clips to reinforce correct pronunciation."
    },
    {
      "type": "guided_practice",
      "duration_minutes": 10,
      "description": "Practice basic Latin greetings using flashcards.",
      "student_action": "Participate in pair activities to practice greetings.",
      "teacher_notes": "Encourage students to use correct pronunciation."
    },
    {
      "type": "introduction",
      "duration_minutes": 10,
      "description": "Introduce classroom commands in Latin.",
      "student_action": "Listen and repeat the commands.",
      "teacher_notes": "Use gestures to help students understand the commands."
    },
    {
      "type": "closure",
      "duration_minutes": 5,
      "description": "Review the day's learning and preview the next lesson.",
      "student_action": "Reflect on what they learned and ask questions.",
      "teacher_notes": "Encourage students to practice greetings at home."
    }
  ],
  "behavior": {
    "tone": "Encouraging and supportive",
    "loop_behavior": "Repeat instructions if students seem confused",
    "hints_max": 3,
    "wait_seconds": 5,
    "encouragement_frequency": "Frequent"
  }
}
