{
  "metadata": {
    "week": 1,
    "day": 1,
    "title": "Week 1 Day 1: Introduction to Latin",
    "duration_minutes": 45,
    "virtue": "Curiosity",
    "faith_phrase": "In principio erat Verbum"
  },
  "prior_knowledge_digest": "Students should have a basic understanding of language learning and be familiar with the concept of grammar. They should know what nouns and verbs are in English, as this will help them grasp similar concepts in Latin. Familiarity with the Roman alphabet is also beneficial, as it is the basis for Latin script.",
  "yesterday_recap": "N/A",
  "spiral_links": {
    "recycled_vocab": [],
    "recycled_grammar": [],
    "prior_day_concepts": [],
    "prior_weeks": []
  },
  "misconception_watchlist": [
    "Confusing Latin pronunciation with English",
    "Assuming Latin word order is the same as English"
  ],
  "objectives": {
    "primary": [
      "Introduce the Latin alphabet and pronunciation",
      "Learn basic Latin greetings and farewells"
    ],
    "spiral_review": []
  },
  "materials": [
    "Latin alphabet chart",
    "Pronunciation audio clips",
    "Greeting flashcards"
  ],
  "lesson_flow": [
    {
      "type": "greeting",
      "duration_minutes": 5,
      "description": "Begin with a warm welcome and introduce the day's objectives.",
      "student_action": "Listen and engage with the teacher's introduction.",
      "teacher_notes": "Set a positive tone for the start of the Latin journey."
    },
    {
      "type": "introduction",
      "duration_minutes": 10,
      "description": "Introduce the Latin alphabet and its pronunciation.",
      "student_action": "Repeat after the teacher and practice pronunciation.",
      "teacher_notes": "Use audio clips to reinforce correct pronunciation."
    },
    {
      "type": "guided_practice",
      "duration_minutes": 10,
      "description": "Practice basic Latin greetings and farewells using flashcards.",
      "student_action": "Participate in choral repetition and pair practice.",
      "teacher_notes": "Encourage students to use gestures to reinforce meaning."
    },
    {
      "type": "independent_practice",
      "duration_minutes": 10,
      "description": "Students practice writing the Latin alphabet and simple phrases.",
      "student_action": "Write the alphabet and greetings in their notebooks.",
      "teacher_notes": "Circulate to provide feedback and correct any errors."
    },
    {
      "type": "closure",
      "duration_minutes": 5,
      "description": "Review the day's learning and preview the next lesson.",
      "student_action": "Reflect on what they learned and ask questions.",
      "teacher_notes": "Highlight the importance of consistent practice."
    }
  ],
  "behavior": {
    "tone": "Encouraging and supportive",
    "loop_behavior": "Revisit pronunciation as needed",
    "hints_max": 3,
    "wait_seconds": 5,
    "encouragement_frequency": "Frequent"
  }
}
